RNCID,CellID
6188,41154
6151,14542
6188,25633
5198,16057
6182,40789
6182,44770
5198,16237
5198,38197
5198,49663
6182,41139
6182,44754
6182,44775
5198,64581
5198,16519
5198,20609
6188,41075
6182,41233
6188,41123
5198,64092
6188,27361
6188,41152
6188,41127
6188,27314
6182,13394
5198,41518
6188,25859
6182,40819
6188,41102
5198,32914
6182,44757
6188,41055
6182,41607
6188,41150
6182,41581
